"first_name"|"last_name"|"total_payment"|"city"|"country"
"Eleanor"|"Hunt"|211,55|"Saint-Denis"|"Runion"
"Karl"|"Seal"|208,58|"Cape Coral"|"United States"
"Marion"|"Snyder"|194,61|"Santa Brbara dOeste"|"Brazil"
"Rhonda"|"Kennedy"|191,62|"Apeldoorn"|"Netherlands"
"Clara"|"Shaw"|189,6|"Molodetno"|"Belarus"
"Tommy"|"Collazo"|183,63|"Qomsheh"|"Iran"
"Ana"|"Bradley"|167,67|"Memphis"|"United States"
"Curtis"|"Irby"|167,62|"Richmond Hill"|"Canada"
"Marcia"|"Dean"|166,61|"Tanza"|"Philippines"
"Mike"|"Way"|162,67|"Valparai"|"India"
"Arnold"|"Havens"|161,68|"Santa Rosa"|"Philippines"
"Wesley"|"Bull"|158,65|"Ourense (Orense)"|"Spain"
"Gordon"|"Allard"|157,69|"Hodeida"|"Yemen"
"Louis"|"Leone"|156,66|"Tanauan"|"Philippines"
"Lena"|"Jensen"|154,7|"Halisahar"|"India"
"Tim"|"Cary"|154,66|"Bijapur"|"India"
"Warren"|"Sherrod"|152,69|"Usolje-Sibirskoje"|"Russian Federation"
"Steve"|"Mackenzie"|152,68|"Probolinggo"|"Indonesia"
"Brittany"|"Riley"|151,73|"Sumy"|"Ukraine"
"Guy"|"Brownlee"|151,69|"Zhoushan"|"China"
"June"|"Carroll"|151,68|"Skikda"|"Algeria"
"Neil"|"Renner"|149,69|"Cam Ranh"|"Vietnam"
"Tammy"|"Sanders"|149,61|"Changhwa"|"Taiwan"
"Tonya"|"Chapman"|147,71|"Bhilwara"|"India"
"Jacqueline"|"Long"|146,68|"Songkhla"|"Thailand"
"Jessica"|"Hall"|146,68|"Citt del Vaticano"|"Holy See (Vatican City State)"
"Michelle"|"Clark"|146,68|"Tangail"|"Bangladesh"
"Stacey"|"Montgomery"|146,67|"Fuyu"|"China"
"Arthur"|"Simpkins"|145,7|"Maikop"|"Russian Federation"
"Brandon"|"Huey"|145,64|"Balikesir"|"Turkey"
"Diane"|"Collins"|144,7|"Omdurman"|"Sudan"
"Ralph"|"Madrigal"|144,68|"Arecibo"|"Puerto Rico"
"Roger"|"Quintanilla"|144,66|"Hsichuh"|"Taiwan"
"Duane"|"Tubbs"|143,7|"Yangor"|"Nauru"
"Alex"|"Gresham"|143,68|"Uruapan"|"Mexico"
"Ryan"|"Salisbury"|142,7|"Daugavpils"|"Latvia"
"Shawn"|"Heaton"|142,69|"Nakhon Sawan"|"Thailand"
"Margie"|"Wade"|142,67|"Lengshuijiang"|"China"
"Marsha"|"Douglas"|142,66|"Beira"|"Mozambique"
"Debra"|"Nelson"|141,71|"Vila Velha"|"Brazil"
"Lori"|"Wood"|141,69|"Rae Bareli"|"India"
"Nicholas"|"Barfield"|140,69|"Belm"|"Brazil"
"Roy"|"Whiting"|139,72|"Nyeri"|"Kenya"
"Harry"|"Arce"|139,69|"Najafabad"|"Iran"
"Sherry"|"Marshall"|139,69|"Shubra al-Khayma"|"Egypt"
"Janice"|"Ward"|139,67|"Malm"|"Sweden"
"Tanya"|"Gilbert"|138,69|"Naju"|"South Korea"
"Angela"|"Hernandez"|138,65|"Shimonoseki"|"Japan"
"Wanda"|"Patterson"|137,72|"Sincelejo"|"Colombia"
"Marilyn"|"Ross"|137,7|"Ife"|"Nigeria"
"Alexander"|"Fennell"|137,67|"Bergamo"|"Italy"
"Jimmie"|"Eggleston"|135,72|"Wroclaw"|"Poland"
"Ramon"|"Choate"|135,7|"Robamba"|"Ecuador"
"Morris"|"Mccarter"|135,68|"Fengshan"|"Taiwan"
"Kent"|"Arsenault"|134,73|"Juiz de Fora"|"Brazil"
"Alvin"|"Deloach"|134,72|"Cuauhtmoc"|"Mexico"
"Zachary"|"Hite"|134,71|"Akron"|"United States"
"Sylvia"|"Ortiz"|134,7|"Dos Quebradas"|"Colombia"
"Ella"|"Oliver"|134,7|"Aden"|"Yemen"
"Rosemary"|"Schmidt"|134,69|"Usak"|"Turkey"
"Helen"|"Harris"|134,68|"Bhopal"|"India"
"Elizabeth"|"Brown"|134,65|"Nantou"|"Taiwan"
"Joe"|"Gilliland"|133,72|"Imus"|"Philippines"
"Stanley"|"Scroggins"|133,71|"Omiya"|"Japan"
"Bernice"|"Willis"|133,7|"Batman"|"Turkey"
"Sue"|"Peters"|133,68|"Changzhou"|"China"
"Jennie"|"Terry"|132,72|"Olomouc"|"Czech Republic"
"Jessie"|"Milam"|132,7|"Binzhou"|"China"
"Russell"|"Brinson"|132,65|"Tychy"|"Poland"
"Greg"|"Robins"|131,74|"Nam Dinh"|"Vietnam"
"Karen"|"Jackson"|131,73|"Osmaniye"|"Turkey"
"Ethel"|"Webb"|131,69|"Boksburg"|"South Africa"
"Catherine"|"Campbell"|131,69|"Moscow"|"Russian Federation"
"Linda"|"Williams"|130,76|"Athenai"|"Greece"
"Priscilla"|"Lowe"|130,72|"Salamanca"|"Mexico"
"Maria"|"Miller"|130,72|"Kragujevac"|"Yugoslavia"
"Brett"|"Cornwell"|130,7|"Siliguri (Shiliguri)"|"India"
"Casey"|"Mena"|130,68|"Tokat"|"Turkey"
"Harold"|"Martino"|130,68|"Boa Vista"|"Brazil"
"Rosa"|"Reynolds"|129,72|"Lancaster"|"United States"
"Jordan"|"Archuleta"|129,71|"Avellaneda"|"Argentina"
"Crystal"|"Ford"|129,7|"Ashdod"|"Israel"
"Regina"|"Berry"|129,68|"Jinchang"|"China"
"Roberto"|"Vu"|128,73|"Yinchuan"|"China"
"Gladys"|"Hamilton"|128,71|"Ilorin"|"Nigeria"
"Glenda"|"Frazier"|128,71|"Qinhuangdao"|"China"
"Sara"|"Perry"|128,7|"Atlixco"|"Mexico"
"Alma"|"Austin"|128,69|"Mannheim"|"Germany"
"Bessie"|"Morrison"|127,73|"Syrakusa"|"Italy"
"Miguel"|"Betancourt"|127,73|"Erlangen"|"Germany"
"Mitchell"|"Westmoreland"|127,69|"Nha Trang"|"Vietnam"
"Debbie"|"Reyes"|127,69|"Fukuyama"|"Japan"
"Martha"|"Gonzalez"|127,66|"Chisinau"|"Moldova"
"Jeanne"|"Lawson"|126,74|"Ashgabat"|"Turkmenistan"
"Jamie"|"Rice"|126,73|"Sterling Heights"|"United States"
"Terri"|"Vasquez"|126,73|"Blumenau"|"Brazil"
"Troy"|"Quigley"|126,73|"Vancouver"|"Canada"
"Tracy"|"Cole"|126,72|"Huixquilucan"|"Mexico"
"Grace"|"Ellis"|126,7|"Duisburg"|"Germany"
"Bradley"|"Motley"|125,74|"Purnea (Purnia)"|"India"
"Maurice"|"Crawley"|125,74|"Coatzacoalcos"|"Mexico"
"Daisy"|"Bates"|125,72|"Kolpino"|"Russian Federation"
"Joanne"|"Robertson"|125,68|"Urawa"|"Japan"
"Justin"|"Ngo"|125,67|"Santo Andr"|"Brazil"
"Janet"|"Phillips"|124,74|"Antofagasta"|"Chile"
"Julia"|"Flores"|124,71|"La Plata"|"Argentina"
"Elsie"|"Kelley"|124,68|"Ikerre"|"Nigeria"
"Carrie"|"Porter"|124,66|"Liaocheng"|"China"
"Patricia"|"Johnson"|123,74|"San Bernardino"|"United States"
"John"|"Farnsworth"|123,74|"Parbhani"|"India"
"Leslie"|"Seward"|123,72|"Pontianak"|"Indonesia"
"Billy"|"Poulin"|123,71|"Cabuyao"|"Philippines"
"Shirley"|"Allen"|123,7|"Davao"|"Philippines"
"Alice"|"Stewart"|123,7|"Fontana"|"United States"
"Melissa"|"King"|123,66|"Lungtan"|"Taiwan"
"Eddie"|"Tomlin"|122,74|"Ozamis"|"Philippines"
"Tina"|"Simmons"|122,74|"Goinia"|"Brazil"
"Javier"|"Elrod"|122,72|"NDjamna"|"Chad"
"Cathy"|"Spencer"|122,71|"Kakamigahara"|"Japan"
"Viola"|"Hanson"|122,7|"Lapu-Lapu"|"Philippines"
"Jorge"|"Olivares"|122,69|"Lhokseumawe"|"Indonesia"
"Milton"|"Howland"|121,77|"Vijayawada"|"India"
"Lynn"|"Payne"|121,73|"Lilongwe"|"Malawi"
"Gilbert"|"Sledge"|121,73|"York"|"United Kingdom"
"Jim"|"Rea"|121,7|"El Fuerte"|"Mexico"
"Barry"|"Lovelace"|121,7|"Kitwe"|"Zambia"
"Nathan"|"Runyon"|121,69|"Charlotte Amalie"|"Virgin Islands| U,S,"
"Rick"|"Mattox"|120,75|"Mit Ghamr"|"Egypt"
"Alfred"|"Casillas"|120,74|"Sawhaj"|"Egypt"
"Dana"|"Hart"|120,74|"Kirovo-Tepetsk"|"Russian Federation"
"Marc"|"Outlaw"|120,71|"Brindisi"|"Italy"
"Thelma"|"Murray"|120,7|"Lima"|"Peru"
"Cheryl"|"Murphy"|119,76|"Mysore"|"India"
"Alan"|"Kahn"|119,75|"Emeishan"|"China"
"Hector"|"Poindexter"|119,74|"Pjatigorsk"|"Russian Federation"
"Gertrude"|"Castillo"|119,72|"Nuuk"|"Greenland"
"Charles"|"Kowalski"|119,72|"Sungai Petani"|"Malaysia"
"Kathryn"|"Coleman"|118,76|"Simferopol"|"Ukraine"
"Stephanie"|"Mitchell"|118,75|"Yerevan"|"Armenia"
"Tracy"|"Herrmann"|118,75|"Loja"|"Ecuador"
"Jaime"|"Nettles"|118,73|"Hunuco"|"Peru"
"Virginia"|"Green"|118,7|"Toulouse"|"France"
"Marjorie"|"Tucker"|118,7|"Jastrzebie-Zdrj"|"Poland"
"Joy"|"George"|118,69|"Botosani"|"Romania"
"Marshall"|"Thorn"|117,77|"Southampton"|"United Kingdom"
"Miriam"|"Mckinney"|117,77|"Otsu"|"Japan"
"Perry"|"Swafford"|117,76|"Quilmes"|"Argentina"
"Lee"|"Hawks"|117,75|"Pudukkottai"|"India"
"Nathaniel"|"Adam"|117,75|"Joliet"|"United States"
"Byron"|"Box"|117,72|"Zhezqazghan"|"Kazakstan"
"Joyce"|"Edwards"|116,76|"Jedda"|"Saudi Arabia"
"Valerie"|"Black"|116,75|"Brockton"|"United States"
"Terry"|"Carlson"|116,74|"Miyakonojo"|"Japan"
"Naomi"|"Jennings"|116,73|"Karnal"|"India"
"Hilda"|"Hopkins"|116,73|"Mandaluyong"|"Philippines"
"Kathy"|"James"|116,72|"Baybay"|"Philippines"
"Gerald"|"Fultz"|116,71|"Satna"|"India"
"Cecil"|"Vines"|115,74|"London"|"United Kingdom"
"Gloria"|"Cook"|115,74|"Papeete"|"French Polynesia"
"Erik"|"Guillen"|115,72|"Bhimavaram"|"India"
"Philip"|"Causey"|115,71|"Korolev"|"Russian Federation"
"Veronica"|"Stone"|115,7|"Greensboro"|"United States"
"Dianne"|"Shelton"|114,76|"Tabriz"|"Iran"
"Teresa"|"Rogers"|114,74|"Iwakuni"|"Japan"
"Salvador"|"Teel"|114,73|"Banjul"|"Gambia"
"Patsy"|"Davidson"|114,73|"Portoviejo"|"Ecuador"
"Craig"|"Morrell"|114,72|"Cavite"|"Philippines"
"Florence"|"Woods"|114,72|"Merlo"|"Argentina"
"Mary"|"Smith"|114,7|"Sasebo"|"Japan"
"Don"|"Bone"|113,77|"Naala-Porto"|"Mozambique"
"Christopher"|"Greco"|113,75|"Brescia"|"Italy"
"Michael"|"Silverman"|113,74|"Tiefa"|"China"
"Nora"|"Herrera"|113,74|"Salzburg"|"Austria"
"Dave"|"Gardiner"|113,73|"Leshan"|"China"
"Amber"|"Dixon"|113,73|"Touliu"|"Taiwan"
"Jeffery"|"Pinson"|113,72|"Dadu"|"Pakistan"
"George"|"Linton"|113,71|"Sorocaba"|"Brazil"
"Christy"|"Vargas"|113,7|"Datong"|"China"
"Tyrone"|"Asher"|112,76|"Ruse"|"Bulgaria"
"Andy"|"Vanhorn"|112,76|"Huejutla de Reyes"|"Mexico"
"Ashley"|"Richardson"|112,75|"Lincoln"|"United States"
"Amy"|"Lopez"|112,74|"Jhansi"|"India"
"Monica"|"Hicks"|112,73|"Mukateve"|"Ukraine"
"Clyde"|"Tobias"|112,72|"Shaoguan"|"China"
"Calvin"|"Martel"|111,77|"Maracabo"|"Venezuela"
"Jerry"|"Jordon"|111,76|"Onomichi"|"Japan"
"Arlene"|"Harvey"|111,76|"Ambattur"|"India"
"Clifton"|"Malcolm"|111,74|"Tanshui"|"Taiwan"
"Audrey"|"Ray"|111,73|"Graz"|"Austria"
"Cindy"|"Fisher"|111,73|"Cuman"|"Venezuela"
"Daryl"|"Larue"|111,73|"Mosul"|"Iraq"
"Carolyn"|"Perez"|111,71|"Pak Kret"|"Thailand"
"Holly"|"Fox"|111,71|"Haldia"|"India"
"Terrance"|"Roush"|111,71|"Szkesfehrvr"|"Hungary"
"Jamie"|"Waugh"|110,77|"Kuwana"|"Japan"
"Charlie"|"Bess"|110,76|"Baiyin"|"China"
"Myrtle"|"Fleming"|110,76|"Santiago de los Caballeros"|"Dominican Republic"
"Andre"|"Rapp"|110,74|"Coquimbo"|"Chile"
"Michele"|"Grant"|110,73|"Yuncheng"|"China"
"Gina"|"Williamson"|110,73|"Taizz"|"Yemen"
"Everett"|"Banda"|110,72|"Bilbays"|"Egypt"
"Ruby"|"Washington"|110,72|"Meixian"|"China"
"Terrence"|"Gunderson"|110,71|"Jinzhou"|"China"
"Heidi"|"Larson"|110,68|"Xiangfan"|"China"
"Beatrice"|"Arnold"|109,77|"Udaipur"|"India"
"Fernando"|"Churchill"|109,77|"Tonghae"|"South Korea"
"Isaac"|"Oglesby"|109,76|"Cuernavaca"|"Mexico"
"Sandra"|"Martin"|109,75|"Southend-on-Sea"|"United Kingdom"
"Charlene"|"Alvarez"|109,75|"Zanzibar"|"Tanzania"
"Clifford"|"Bowens"|109,73|"Nabereznyje Telny"|"Russian Federation"
"Randy"|"Gaither"|109,73|"Kurgan"|"Russian Federation"
"Ted"|"Breaux"|109,73|"Baicheng"|"China"
"Herman"|"Devore"|109,72|"Mwanza"|"Tanzania"
"Todd"|"Tan"|109,72|"Kamjanets-Podilskyi"|"Ukraine"
"Theodore"|"Culp"|109,72|"Uluberia"|"India"
"Kyle"|"Spurlock"|109,71|"Shanwei"|"China"
"Sonia"|"Gregory"|108,78|"Benin City"|"Nigeria"
"Eduardo"|"Hiatt"|108,77|"Jining"|"China"
"Seth"|"Hannon"|108,76|"al-Manama"|"Bahrain"
"Olga"|"Jimenez"|108,76|"Ogbomosho"|"Nigeria"
"Gabriel"|"Harder"|108,75|"Sivas"|"Turkey"
"Raymond"|"Mcwhorter"|108,75|"Sumqayit"|"Azerbaijan"
"Julian"|"Vest"|108,73|"Akishima"|"Japan"
"Minnie"|"Romero"|108,72|"Ciomas"|"Indonesia"
"Sally"|"Pierce"|108,71|"Chandrapur"|"India"
"Mae"|"Fletcher"|107,79|"Donostia-San Sebastin"|"Spain"
"Johnnie"|"Chisholm"|107,78|"Plock"|"Poland"
"Jesus"|"Mccartney"|107,77|"Guaruj"|"Brazil"
"Stephen"|"Qualls"|107,74|"Dhaka"|"Bangladesh"
"Lucille"|"Holmes"|107,73|"Soshanguve"|"South Africa"
"Mario"|"Cheatham"|107,73|"Batna"|"Algeria"
"Marion"|"Ocampo"|107,73|"Weifang"|"China"
"Darlene"|"Rose"|107,71|"Pyongyang"|"North Korea"
"Jeff"|"East"|107,7|"San Felipe de Puerto Plata"|"Dominican Republic"
"Maxine"|"Silva"|107,7|"Poos de Caldas"|"Brazil"
"Lois"|"Butler"|107,66|"Bandar Seri Begawan"|"Brunei"
"Dan"|"Paine"|106,79|"Stockport"|"United Kingdom"
"Marlene"|"Welch"|106,77|"Iwaki"|"Japan"
"Douglas"|"Graf"|106,77|"Mexicali"|"Mexico"
"Gail"|"Knight"|106,76|"Bern"|"Switzerland"
"Claudia"|"Fuller"|106,75|"Jalib al-Shuyukh"|"Kuwait"
"Victoria"|"Gibson"|106,74|"Pemalang"|"Indonesia"
"Dean"|"Sauer"|106,74|"Johannesburg"|"South Africa"
"Sarah"|"Lewis"|106,73|"Liepaja"|"Latvia"
"Bill"|"Gavin"|106,73|"Rockford"|"United States"
"Erin"|"Dunn"|106,73|"Ljubertsy"|"Russian Federation"
"Julie"|"Sanchez"|106,72|"A Corua (La Corua)"|"Spain"
"Hazel"|"Warren"|106,68|"Hohhot"|"China"
"Eric"|"Robert"|105,78|"Santa F"|"Argentina"
"Sam"|"Mcduffie"|105,78|"Sogamoso"|"Colombia"
"Elaine"|"Stevens"|105,78|"Smolensk"|"Russian Federation"
"Shelly"|"Watts"|105,77|"Dayton"|"United States"
"Katie"|"Elliott"|105,77|"Kisumu"|"Kenya"
"Jean"|"Bell"|105,76|"Kuching"|"Malaysia"
"Bryan"|"Hardison"|105,76|"Dallas"|"United States"
"Earl"|"Shanks"|105,74|"Iwatsuki"|"Japan"
"Amanda"|"Carter"|105,74|"Nador"|"Morocco"
"Diana"|"Alexander"|105,73|"Augusta-Richmond County"|"United States"
"Marcus"|"Hidalgo"|105,72|"Tartu"|"Estonia"
"Cynthia"|"Young"|105,7|"Munger (Monghyr)"|"India"
"Carl"|"Artis"|104,79|"San Lorenzo"|"Paraguay"
"Brent"|"Harkins"|104,78|"Sultanbeyli"|"Turkey"
"Violet"|"Rodriquez"|104,76|"Kowloon and New Kowloon"|"Hong Kong"
"Josephine"|"Gomez"|104,75|"Etawah"|"India"
"Dolores"|"Wagner"|104,75|"Ipoh"|"Malaysia"
"Dale"|"Ratcliff"|104,74|"Rustenburg"|"South Africa"
"Brenda"|"Wright"|104,74|"Kamarhati"|"India"
"Deborah"|"Walker"|104,73|"Shikarpur"|"Pakistan"
"Jimmy"|"Schrader"|104,72|"Atinsk"|"Russian Federation"
"Leroy"|"Bustamante"|104,71|"Tongliao"|"China"
"Peter"|"Menard"|103,78|"Ede"|"Netherlands"
"Ramona"|"Hale"|103,77|"Patiala"|"India"
"Tracey"|"Barrett"|103,77|"Owo"|"Nigeria"
"Kristin"|"Johnston"|103,74|"Sunnyvale"|"United States"
"Courtney"|"Day"|103,74|"Uijongbu"|"South Korea"
"Carla"|"Gutierrez"|103,74|"Bhusawal"|"India"
"Sharon"|"Robinson"|103,73|"Mardan"|"Pakistan"
"Manuel"|"Murrell"|103,73|"Jaffna"|"Sri Lanka"
"Misty"|"Lambert"|102,78|"Sharja"|"United Arab Emirates"
"Ben"|"Easter"|102,77|"Kamyin"|"Russian Federation"
"Max"|"Pitt"|102,77|"Novi Sad"|"Yugoslavia"
"Sergio"|"Stanfield"|102,76|"Celaya"|"Mexico"
"Lillian"|"Griffin"|102,76|"al-Ayn"|"United Arab Emirates"
"Yolanda"|"Weaver"|102,75|"Tabora"|"Tanzania"
"Ellen"|"Simpson"|102,75|"Po"|"Brazil"
"Marie"|"Turner"|101,79|"Lipetsk"|"Russian Federation"
"Leo"|"Ebert"|101,78|"Dongying"|"China"
"Robin"|"Hayes"|101,77|"Jelets"|"Russian Federation"
"Rene"|"Mcalister"|101,76|"Garden Grove"|"United States"
"Leonard"|"Schofield"|101,7|"Tandil"|"Argentina"
"Glen"|"Talbert"|100,77|"Acua"|"Mexico"
"Brad"|"Mccurdy"|100,76|"Chungho"|"Taiwan"
"Sidney"|"Burleson"|100,76|"Czestochowa"|"Poland"
"Willie"|"Howell"|100,75|"Vicente Lpez"|"Argentina"
"Vickie"|"Brewer"|100,75|"Halle/Saale"|"Germany"
"Juanita"|"Mason"|100,72|"Pune"|"India"
"Ron"|"Deluca"|99,78|"Isesaki"|"Japan"
"Lisa"|"Anderson"|99,77|"Sagamihara"|"Japan"
"Evelyn"|"Morgan"|99,74|"Vaduz"|"Liechtenstein"
"Sherri"|"Rhodes"|99,74|"Ahmadnagar"|"India"
"Ken"|"Prewitt"|99,73|"Bucuresti"|"Romania"
"Angel"|"Barclay"|99,72|"Ueda"|"Japan"
"Tom"|"Milner"|99,71|"Abu Dhabi"|"United Arab Emirates"
"Bobby"|"Boudreau"|99,68|"South Hill"|"Anguilla"
"Ruth"|"Martinez"|98,82|"Kimberley"|"South Africa"
"Frank"|"Waggoner"|98,77|"Jamalpur"|"Bangladesh"
"Clinton"|"Buford"|98,76|"Aurora"|"United States"
"Annette"|"Olson"|98,76|"Allappuzha (Alleppey)"|"India"
"Gwendolyn"|"May"|98,75|"Higashiosaka"|"Japan"
"Francis"|"Sikes"|98,75|"San Juan Bautista Tuxtepec"|"Mexico"
"Jeremy"|"Hurtado"|98,75|"Vitria de Santo Anto"|"Brazil"
"Ross"|"Grey"|98,74|"Iligan"|"Philippines"
"Rose"|"Howard"|97,8|"Cayenne"|"French Guiana"
"Adam"|"Gooch"|97,8|"Adoni"|"India"
"Leon"|"Bostic"|97,79|"Florencia"|"Colombia"
"Wallace"|"Slone"|97,78|"Sokoto"|"Nigeria"
"Pedro"|"Chestnut"|97,78|"ostka"|"Ukraine"
"Rodney"|"Moeller"|97,78|"Deba Habe"|"Nigeria"
"Laurie"|"Lawrence"|97,78|"Firozabad"|"India"
"Shannon"|"Freeman"|97,77|"Varanasi (Benares)"|"India"
"Virgil"|"Wofford"|97,75|"Jos Azueta"|"Mexico"
"Mabel"|"Holland"|97,75|"Monywa"|"Myanmar"
"Cassandra"|"Walters"|96,79|"Salinas"|"United States"
"Carlos"|"Coughlin"|96,79|"Bhavnagar"|"India"
"Nina"|"Soto"|96,79|"Palghat (Palakkad)"|"India"
"Albert"|"Crouse"|96,78|"Bamenda"|"Cameroon"
"Louise"|"Jenkins"|96,78|"Springs"|"South Africa"
"Vincent"|"Ralston"|96,77|"Allende"|"Mexico"
"Betty"|"White"|96,77|"Citrus Heights"|"United States"
"Velma"|"Lucas"|96,76|"Effon-Alaiye"|"Nigeria"
"Edward"|"Baugh"|96,76|"Trshavn"|"Faroe Islands"
"Micheal"|"Forman"|96,76|"Escobar"|"Argentina"
"Melvin"|"Ellington"|96,75|"Laohekou"|"China"
"Reginald"|"Kinder"|96,75|"Madiun"|"Indonesia"
"Denise"|"Kelly"|96,74|"Rio Claro"|"Brazil"
"Dwayne"|"Olvera"|95,8|"Rajkot"|"India"
"Connie"|"Wallace"|95,79|"Ivanovo"|"Russian Federation"
"Willard"|"Lumpkin"|95,79|"Carmen"|"Mexico"
"Gary"|"Coy"|95,78|"Yuzhou"|"China"
"Shane"|"Millard"|95,78|"La Paz"|"Mexico"
"Darren"|"Windham"|95,78|"Livorno"|"Italy"
"Stacy"|"Cunningham"|95,78|"Pereira"|"Colombia"
"Beth"|"Franklin"|95,76|"Haiphong"|"Vietnam"
"Walter"|"Perryman"|95,76|"Xinxiang"|"China"
"Ronnie"|"Ricketts"|95,76|"Ziguinchor"|"Senegal"
"Esther"|"Crawford"|95,72|"Botshabelo"|"South Africa"
"Laura"|"Rodriguez"|94,81|"Sal"|"Morocco"
"Danielle"|"Daniels"|94,78|"Hidalgo"|"Mexico"
"Nicole"|"Peterson"|94,78|"Shivapuri"|"India"
"Brandy"|"Graves"|94,77|"Warren"|"United States"
"Dorothy"|"Taylor"|94,76|"Esfahan"|"Iran"
"Geraldine"|"Perkins"|94,76|"Tel Aviv-Jaffa"|"Israel"
"Kelly"|"Knott"|94,76|"Sanya"|"China"
"Suzanne"|"Nichols"|94,76|"Jakarta"|"Indonesia"
"Carmen"|"Owens"|94,75|"Caracas"|"Venezuela"
"Kevin"|"Schuler"|93,83|"Birgunj"|"Nepal"
"Edwin"|"Burk"|93,8|"Newcastle"|"South Africa"
"Claude"|"Herzog"|93,8|"Benguela"|"Angola"
"Francisco"|"Skidmore"|93,79|"So Leopoldo"|"Brazil"
"Ronald"|"Weiner"|93,79|"San Felipe del Progreso"|"Mexico"
"Dawn"|"Sullivan"|93,78|"Funafuti"|"Tuvalu"
"Joshua"|"Mark"|93,78|"Rampur"|"India"
"Phillip"|"Holm"|93,76|"Tama"|"Japan"
"Tamara"|"Nguyen"|93,75|"Anpolis"|"Brazil"
"Martin"|"Bales"|93,75|"Namibe"|"Angola"
"Howard"|"Fortner"|93,74|"Kermanshah"|"Iran"
"Nancy"|"Thomas"|93,74|"Yamuna Nagar"|"India"
"Frances"|"Parker"|92,81|"Juazeiro do Norte"|"Brazil"
"Joseph"|"Joy"|92,8|"Angra dos Reis"|"Brazil"
"Cody"|"Nolen"|92,8|"So Bernardo do Campo"|"Brazil"
"Bruce"|"Schwarz"|92,79|"Okinawa"|"Japan"
"Andrea"|"Henderson"|92,79|"Mahajanga"|"Madagascar"
"Joel"|"Francisco"|92,78|"Sucre"|"Bolivia"
"Chester"|"Benner"|92,78|"Suihua"|"China"
"Renee"|"Lane"|92,76|"Compton"|"United States"
"Elmer"|"Noe"|92,76|"Battambang"|"Cambodia"
"Carole"|"Barnett"|92,75|"Peoria"|"United States"
"Dustin"|"Gillette"|92,75|"Emmen"|"Netherlands"
"Melanie"|"Armstrong"|92,75|"Bayugan"|"Philippines"
"Ricardo"|"Meador"|91,81|"Okayama"|"Japan"
"Rafael"|"Abney"|91,81|"Talavera"|"Philippines"
"Wilma"|"Richards"|91,8|"Bellevue"|"United States"
"Pamela"|"Baker"|91,79|"Nanyang"|"China"
"Travis"|"Estep"|91,78|"al-Qatif"|"Saudi Arabia"
"Vicki"|"Fields"|91,78|"Witten"|"Germany"
"Sean"|"Douglass"|91,77|"Addis Abeba"|"Ethiopia"
"Ivan"|"Cromwell"|91,75|"Monclova"|"Mexico"
"Matthew"|"Mahan"|91,75|"Cuautla"|"Mexico"
"Judith"|"Cox"|91,7|"Daxian"|"China"
"Deanna"|"Byrd"|90,78|"Tuguegarao"|"Philippines"
"Natalie"|"Meyer"|90,78|"Aparecida de Goinia"|"Brazil"
"Emily"|"Diaz"|90,77|"Kimchon"|"South Korea"
"Kathleen"|"Adams"|90,75|"Arak"|"Iran"
"Derek"|"Blakely"|90,73|"Gingoog"|"Philippines"
"Hugh"|"Waldrop"|89,8|"Haining"|"China"
"Benjamin"|"Varney"|89,78|"Guadalajara"|"Mexico"
"Andrew"|"Purdy"|89,78|"Baku"|"Azerbaijan"
"Beverly"|"Brooks"|89,78|"Chiayi"|"Taiwan"
"Christine"|"Roberts"|89,78|"Faaa"|"French Polynesia"
"Bertha"|"Ferguson"|89,77|"Ondo"|"Nigeria"
"Judy"|"Gray"|89,77|"Bchar"|"Algeria"
"Jackie"|"Lynch"|89,77|"Buenaventura"|"Colombia"
"Edgar"|"Rhoads"|89,77|"Eskisehir"|"Turkey"
"Lillie"|"Kim"|89,77|"Idfu"|"Egypt"
"Rebecca"|"Scott"|89,76|"Kurashiki"|"Japan"
"Darrell"|"Power"|89,76|"Halifax"|"Canada"
"Lawrence"|"Lawton"|89,71|"Yaound"|"Cameroon"
"Dora"|"Medina"|88,81|"Tianjin"|"China"
"Stella"|"Moreno"|88,81|"Coacalco de Berriozbal"|"Mexico"
"Anna"|"Hill"|88,8|"Alessandria"|"Italy"
"Aaron"|"Selby"|88,8|"Mwene-Ditu"|"Congo| The Democratic Republic of the"
"Glenn"|"Pullen"|88,78|"Amersfoort"|"Netherlands"
"Mildred"|"Bailey"|88,78|"Jaipur"|"India"
"Georgia"|"Jacobs"|88,77|"Uttarpara-Kotrung"|"India"
"Heather"|"Morris"|88,76|"Nagareyama"|"Japan"
"Pauline"|"Henry"|88,75|"Torren"|"Mexico"
"Theresa"|"Watson"|88,73|"Taguig"|"Philippines"
"Donna"|"Thompson"|87,82|"Elista"|"Russian Federation"
"Tara"|"Ryan"|87,81|"Gorontalo"|"Indonesia"
"Kurt"|"Emmons"|87,8|"Kanazawa"|"Japan"
"Richard"|"Mccrary"|87,8|"Arlington"|"United States"
"Harvey"|"Guajardo"|87,8|"Vinh"|"Vietnam"
"Derrick"|"Bourque"|87,8|"Gatineau"|"Canada"
"Maureen"|"Little"|87,79|"Asuncin"|"Paraguay"
"Loretta"|"Carpenter"|87,79|"Oshawa"|"Canada"
"Charlotte"|"Hunter"|87,78|"guas Lindas de Gois"|"Brazil"
"Freddie"|"Duggan"|87,77|"Sullana"|"Peru"
"Jack"|"Foust"|87,77|"Zeleznogorsk"|"Russian Federation"
"Raul"|"Fortier"|86,82|"Chapra"|"India"
"Vanessa"|"Sims"|86,81|"Siegen"|"Germany"
"Nellie"|"Garrett"|86,81|"Shimoga"|"India"
"Lewis"|"Lyman"|86,81|"Ashqelon"|"Israel"
"Ruben"|"Geary"|86,81|"Lublin"|"Poland"
"Kelly"|"Torres"|86,8|"Xiangtan"|"China"
"Erica"|"Matthews"|86,8|"Pingxiang"|"China"
"Agnes"|"Bishop"|86,79|"Sambhal"|"India"
"Peggy"|"Myers"|86,77|"Abha"|"Saudi Arabia"
"Constance"|"Reid"|86,77|"Zaria"|"Nigeria"
"Chad"|"Carbone"|86,76|"Katihar"|"India"
"Allison"|"Stanley"|86,75|"Phnom Penh"|"Cambodia"
"Ian"|"Still"|86,75|"Garland"|"United States"
"Lucy"|"Wheeler"|86,75|"Balurghat"|"India"
"Wendy"|"Harrison"|86,73|"Nezahualcyotl"|"Mexico"
"Alfredo"|"Mcadams"|85,8|"Serpuhov"|"Russian Federation"
"Randall"|"Neumann"|85,8|"La Romana"|"Dominican Republic"
"Willie"|"Markham"|85,78|"Almirante Brown"|"Argentina"
"Victor"|"Barkley"|85,78|"Manchester"|"United States"
"Jon"|"Wiles"|85,78|"El Alto"|"Bolivia"
"Jane"|"Bennett"|85,77|"Araatuba"|"Brazil"
"Kimberly"|"Lee"|85,77|"Crdoba"|"Argentina"
"Susan"|"Wilson"|85,77|"Hamilton"|"New Zealand"
"Jay"|"Robb"|85,75|"Surakarta"|"Indonesia"
"Lonnie"|"Tirado"|84,84|"Pangkal Pinang"|"Indonesia"
"Julio"|"Noland"|84,81|"Konotop"|"Ukraine"
"Doris"|"Reed"|84,81|"Balaiha"|"Russian Federation"
"Mathew"|"Bolin"|84,8|"Valencia"|"Venezuela"
"Bonnie"|"Hughes"|84,8|"Cheju"|"South Korea"
"James"|"Gannon"|84,79|"Hiroshima"|"Japan"
"Jennifer"|"Davis"|84,75|"Laredo"|"United States"
"Eva"|"Ramos"|83,82|"Clarksville"|"United States"
"Corey"|"Hauser"|83,81|"Gaziantep"|"Turkey"
"Leslie"|"Gordon"|83,8|"Kilis"|"Turkey"
"Bernard"|"Colby"|83,79|"Dhule (Dhulia)"|"India"
"Wade"|"Delvalle"|83,78|"Lausanne"|"Switzerland"
"Patrick"|"Newsom"|83,77|"Hanoi"|"Vietnam"
"Tyler"|"Wren"|82,81|"Rizhao"|"China"
"Bob"|"Pfeiffer"|82,78|"Xintai"|"China"
"Gene"|"Sanborn"|82,76|"Salala"|"Oman"
"Jared"|"Ely"|81,83|"Purwakarta"|"Indonesia"
"Vernon"|"Chapa"|81,83|"Denizli"|"Turkey"
"Thomas"|"Grigsby"|81,81|"Kansas City"|"United States"
"Yvonne"|"Watkins"|81,81|"Ocumare del Tuy"|"Venezuela"
"Jason"|"Morrissey"|81,81|"Baha Blanca"|"Argentina"
"Lorraine"|"Stephens"|81,8|"Hami"|"China"
"Mark"|"Rinehart"|81,8|"Tabuk"|"Saudi Arabia"
"Christian"|"Jung"|81,78|"Amroha"|"India"
"Barbara"|"Jones"|81,78|"Myingyan"|"Myanmar"
"Jessie"|"Banks"|81,76|"Stara Zagora"|"Bulgaria"
"Cory"|"Meehan"|81,76|"Mogiljov"|"Belarus"
"Megan"|"Palmer"|81,75|"Laiwu"|"China"
"Paul"|"Trout"|80,85|"Kursk"|"Russian Federation"
"Oscar"|"Aquino"|80,83|"Sirjan"|"Iran"
"Eileen"|"Carr"|80,82|"Ciudad del Este"|"Paraguay"
"Steven"|"Curley"|80,81|"Miraj"|"India"
"Vivian"|"Ruiz"|80,8|"s-Hertogenbosch"|"Netherlands"
"Becky"|"Miles"|80,78|"Tambaram"|"India"
"Kristina"|"Chambers"|80,78|"Valle de la Pascua"|"Venezuela"
"Roland"|"South"|80,77|"Yingkou"|"China"
"Keith"|"Rico"|80,77|"Bratislava"|"Slovakia"
"David"|"Royal"|79,81|"Callao"|"Peru"
"Edna"|"West"|79,81|"Klerksdorp"|"South Africa"
"Roberta"|"Harper"|79,8|"Shahr-e Kord"|"Iran"
"Jenny"|"Castro"|79,8|"Ponce"|"Puerto Rico"
"Jesse"|"Schilling"|79,78|"Lubumbashi"|"Congo| The Democratic Republic of the"
"Clarence"|"Gamez"|79,75|"Izumisano"|"Japan"
"Frederick"|"Isbell"|78,84|"Tsuyama"|"Japan"
"Austin"|"Cintron"|78,82|"Tieli"|"China"
"Carol"|"Garcia"|78,81|"Kaduna"|"Nigeria"
"Dennis"|"Gilman"|78,8|"Paarl"|"South Africa"
"Margaret"|"Moore"|78,8|"Masqat"|"Oman"
"Erika"|"Pena"|78,79|"Oulu"|"Finland"
"Joan"|"Cooper"|78,79|"Saint Louis"|"United States"
"Colleen"|"Burton"|78,78|"Saarbrcken"|"Germany"
"Ricky"|"Shelby"|78,77|"Junan"|"China"
"Melinda"|"Fernandez"|77,84|"Mandi Bahauddin"|"Pakistan"
"Luis"|"Yanez"|77,81|"Brest"|"France"
"Emma"|"Boyd"|77,81|"Qalyub"|"Egypt"
"Chris"|"Brothers"|77,8|"Gijn"|"Spain"
"Ernest"|"Stepp"|77,79|"Huaian"|"China"
"Rita"|"Graham"|77,78|"Toulon"|"France"
"Lydia"|"Burke"|77,77|"San Miguel de Tucumn"|"Argentina"
"Marian"|"Mendoza"|76,82|"Maring"|"Brazil"
"Kim"|"Cruz"|76,8|"Grand Prairie"|"United States"
"Phyllis"|"Foster"|76,8|"Zalantun"|"China"
"Pearl"|"Garza"|76,78|"Jodhpur"|"India"
"Christina"|"Ramirez"|75,83|"al-Hawiya"|"Saudi Arabia"
"Leah"|"Curtis"|75,81|"Kalisz"|"Poland"
"Samuel"|"Marlow"|75,8|"Ranchi"|"India"
"Clayton"|"Barbee"|75,79|"Alvorada"|"Brazil"
"Darryl"|"Ashcraft"|75,78|"Ezeiza"|"Argentina"
"Ida"|"Andrews"|75,78|"Luzinia"|"Brazil"
"Kristen"|"Chavez"|74,84|"Hino"|"Japan"
"Dwight"|"Lombardi"|74,83|"Chatsworth"|"South Africa"
"Allen"|"Butterfield"|74,83|"Hoshiarpur"|"India"
"Larry"|"Thrasher"|74,81|"Adana"|"Turkey"
"Jacob"|"Lance"|74,8|"El Monte"|"United States"
"Irene"|"Price"|74,79|"Pavlodar"|"Kazakstan"
"April"|"Burns"|74,77|"Dundee"|"United Kingdom"
"Antonio"|"Meek"|73,85|"Bag"|"Brazil"
"Toni"|"Holt"|73,83|"Roanoke"|"United States"
"Danny"|"Isom"|73,82|"Okara"|"Pakistan"
"Herbert"|"Kruger"|73,81|"Syktyvkar"|"Russian Federation"
"Alicia"|"Mills"|73,81|"Nagaon"|"India"
"Rachel"|"Barnes"|73,81|"Kamakura"|"Japan"
"Lance"|"Pemberton"|73,8|"Beni-Mellal"|"Morocco"
"Enrique"|"Forsythe"|73,78|"Patras"|"Greece"
"Gregory"|"Mauldin"|73,78|"Sousse"|"Tunisia"
"Norman"|"Currier"|73,76|"Cianjur"|"Indonesia"
"Paula"|"Bryant"|72,83|"Pathankot"|"India"
"Armando"|"Gruber"|72,82|"Southport"|"United Kingdom"
"Timothy"|"Bunn"|72,82|"Braslia"|"Brazil"
"Anne"|"Powell"|72,79|"Bradford"|"United Kingdom"
"Robert"|"Baughman"|71,85|"Kaliningrad"|"Russian Federation"
"Delores"|"Hansen"|71,84|"Jaroslavl"|"Russian Federation"
"Norma"|"Gonzales"|71,81|"Bislig"|"Philippines"
"Ray"|"Houle"|71,8|"Dzerzinsk"|"Russian Federation"
"Billie"|"Horton"|71,79|"Inegl"|"Turkey"
"Samantha"|"Duncan"|71,77|"Matamoros"|"Mexico"
"Irma"|"Pearson"|70,82|"Hagonoy"|"Philippines"
"Eugene"|"Culpepper"|70,82|"Shenzhen"|"China"
"Wayne"|"Truong"|70,81|"Gulbarga"|"India"
"William"|"Satterfield"|70,81|"Sanaa"|"Yemen"
"Edith"|"Mcdonald"|69,83|"Gandhinagar"|"India"
"Fred"|"Wheat"|69,79|"Jurez"|"Mexico"
"Franklin"|"Troutman"|69,79|"Zaoyang"|"China"
"Daniel"|"Cabral"|68,87|"Ibirit"|"Brazil"
"Floyd"|"Gandy"|68,84|"Zapopan"|"Mexico"
"Adrian"|"Clary"|68,82|"Udine"|"Italy"
"Terry"|"Grissom"|68,81|"Matsue"|"Japan"
"Felicia"|"Sutton"|68,77|"Korla"|"China"
"Jerome"|"Kenyon"|67,86|"Rancagua"|"Chile"
"Kenneth"|"Gooden"|67,86|"Bat Yam"|"Israel"
"Ann"|"Evans"|67,86|"Niznekamsk"|"Russian Federation"
"Vera"|"Mccoy"|67,82|"Kabul"|"Afghanistan"
"Jeanette"|"Greene"|66,82|"Novoterkassk"|"Russian Federation"
"Lloyd"|"Dowd"|66,81|"Tegal"|"Indonesia"
"Alberto"|"Henning"|66,79|"Barcelona"|"Venezuela"
"Kay"|"Caldwell"|65,87|"Yantai"|"China"
"Jonathan"|"Scarborough"|65,83|"Pachuca de Soto"|"Mexico"
"Jeffrey"|"Spear"|65,83|"Ciparay"|"Indonesia"
"Marvin"|"Yee"|65,81|"Berhampore (Baharampur)"|"India"
"Joann"|"Gardner"|64,85|"Tarsus"|"Turkey"
"Henry"|"Billingsley"|64,84|"Nukualofa"|"Tonga"
"Jose"|"Andrew"|64,82|"Kingstown"|"Saint Vincent and the Grenadines"
"Donald"|"Mahon"|63,84|"Ezhou"|"China"
"Allan"|"Cornish"|63,84|"Tarlac"|"Philippines"
"Juan"|"Fraley"|63,79|"Teboksary"|"Russian Federation"
"Felix"|"Gaffney"|63,78|"Vilnius"|"Lithuania"
"Lester"|"Kraus"|62,85|"Kanchrapara"|"India"
"Nelson"|"Christenson"|62,84|"Santiago de Compostela"|"Spain"
"Tony"|"Carranza"|62,81|"Koriyama"|"Japan"
"Scott"|"Shelley"|60,82|"Aurora"|"United States"
"Anita"|"Morales"|59,86|"Hubli-Dharwad"|"India"
"Lauren"|"Hudson"|59,83|"Le Mans"|"France"
"Jill"|"Hawkins"|58,83|"Linz"|"Austria"
"Annie"|"Russell"|58,82|"Tete"|"Mozambique"
"Mattie"|"Hoffman"|58,8|"London"|"United Kingdom"
"Katherine"|"Rivera"|57,87|"Basel"|"Switzerland"
"Sheila"|"Wells"|57,86|"Ktahya"|"Turkey"
"Johnny"|"Turpin"|57,81|"al-Qadarif"|"Sudan"
"Penny"|"Neal"|56,84|"Kumbakonam"|"India"
"Jo"|"Fowler"|54,85|"Oyo"|"Nigeria"
"Bobbie"|"Craig"|52,81|"Valle de Santiago"|"Mexico"
"Kirk"|"Stclair"|50,83|"Tsaotun"|"Taiwan"
"Tiffany"|"Jordan"|49,88|"Enshi"|"China"
"Anthony"|"Schwab"|47,85|"Tafuna"|"American Samoa"
"Caroline"|"Bowman"|37,87|"Tallahassee"|"United States"
"Leona"|"Obrien"|32,9|"Fuzhou"|"China"
"Brian"|"Wyman"|27,93|"Bydgoszcz"|"Poland"
